1;0.033333333;0.193074;0.193074;0
2;0.066666667;0.192761;0.192761;0
3;0.1;0.187761;0.187761;0
4;0.133333333;0.187318;0.187318;0
5;0.166666667;0.186667;0.186667;0
6;0.2;0.200183;0.200183;0
7;0.233333333;0.184298;0.184298;0
8;0.266666667;0.199688;0.199688;0
9;0.3;0.194897;0.194897;0
10;0.333333333;0.185808;0.185808;0
11;0.366666667;0.185938;0.185938;0
12;0.4;0.19711;0.19711;0
13;0.433333333;0.189845;0.189845;0
14;0.466666667;0.197787;0.197787;0
15;0.5;0.188933;0.188933;0
16;0.533333333;0.19224;0.19224;0
17;0.566666667;0.194167;0.194167;0
18;0.6;0.196407;0.196407;0
19;0.633333333;0.206329;0.206329;0
20;0.666666667;0.197839;0.197839;0
21;0.7;0.182892;0.182892;0
22;0.733333333;0.19224;0.19224;0
23;0.766666667;0.196407;0.196407;0
24;0.8;0.208855;0.208855;0
25;0.833333333;0.199037;0.199037;0
26;0.866666667;0.195964;0.195964;0
27;0.9;0.197761;0.197761;0
28;0.933333333;0.191563;0.191563;0
29;0.966666667;0.193907;0.193907;0
30;1;0.191433;0.191433;0
31;1.033333333;0.192345;0.192345;0
32;1.066666667;0.192605;0.192605;0
33;1.1;0.186381;0.186381;0
34;1.133333333;0.198776;0.198776;0
35;1.166666667;0.19711;0.19711;0
36;1.2;0.193985;0.193985;0
37;1.233333333;0.189741;0.189741;0
38;1.266666667;0.18586;0.18586;0
39;1.3;0.192527;0.192527;0
40;1.333333333;0.195261;0.195261;0
41;1.366666667;0.170105;0.170105;0
42;1.4;0.187423;0.187423;0
43;1.433333333;0.206121;0.206121;0
44;1.466666667;0.19099;0.19099;0
45;1.5;0.184428;0.184428;0
46;1.533333333;0.191251;0.191251;0
47;1.566666667;0.189428;0.189428;0
48;1.6;0.197318;0.197318;0
49;1.633333333;0.194168;0.194168;0
50;1.666666667;0.193777;0.193777;0
51;1.7;0.192892;0.192892;0
52;1.733333333;0.185183;0.185183;0
53;1.766666667;0.189714;0.189714;0
54;1.8;0.191224;0.191224;0
55;1.833333333;0.203386;0.203386;0
56;1.866666667;0.183803;0.183803;0
57;1.9;0.202553;0.202553;0
58;1.933333333;0.193725;0.193725;0
59;1.966666667;0.186251;0.186251;0
60;2;0.199688;0.199688;0
61;2.033333333;0.198959;0.198959;0
62;2.066666667;0.201043;0.201043;0
63;2.1;0.196225;0.196225;0
64;2.133333333;0.200704;0.200704;0
65;2.166666667;0.195027;0.195027;0
66;2.2;0.184297;0.184297;0
67;2.233333333;0.193152;0.193152;0
68;2.266666667;0.187189;0.187189;0
69;2.3;0.183777;0.183777;0
70;2.333333333;0.196511;0.196511;0
71;2.366666667;0.1856;0.1856;0
72;2.4;0.185261;0.185261;0
73;2.433333333;0.191407;0.191407;0
74;2.466666667;0.198074;0.198074;0
75;2.5;0.190235;0.190235;0
76;2.533333333;0.206016;0.206016;0
77;2.566666667;0.199949;0.199949;0
78;2.6;0.192552;0.192552;0
79;2.633333333;0.198438;0.198438;0
80;2.666666667;0.194714;0.194714;0
81;2.7;0.1906;0.1906;0
82;2.733333333;0.184558;0.184558;0
83;2.766666667;0.211042;0.211042;0
84;2.8;0.215001;0.215001;0
85;2.833333333;0.189115;0.189115;0
86;2.866666667;0.194375;0.194375;0
87;2.9;0.19836;0.19836;0
88;2.933333333;0.192943;0.192943;0
89;2.966666667;0.183985;0.183985;0
90;3;0.193933;0.193933;0
91;3.033333333;0.191667;0.191667;0
92;3.066666667;0.196381;0.196381;0
93;3.1;0.183725;0.183725;0
94;3.133333333;0.189115;0.189115;0
95;3.166666667;0.190235;0.190235;0
96;3.2;0.19599;0.19599;0
97;3.233333333;0.199271;0.199271;0
98;3.266666667;0.189974;0.189974;0
99;3.3;0.184219;0.184219;0
100;3.333333333;0.180495;0.180495;0
101;3.366666667;0.199454;0.199454;0
102;3.4;0.19599;0.19599;0
103;3.433333333;0.187917;0.187917;0
104;3.466666667;0.206355;0.206355;0
105;3.5;0.187605;0.187605;0
106;3.533333333;0.184297;0.184297;0
107;3.566666667;0.19;0.19;0
108;3.6;0.198933;0.198933;0
109;3.633333333;0.198282;0.198282;0
110;3.666666667;0.183151;0.183151;0
111;3.7;0.197682;0.197682;0
112;3.733333333;0.192735;0.192735;0
113;3.766666667;0.193203;0.193203;0
114;3.8;0.195235;0.195235;0
115;3.833333333;0.193386;0.193386;0
116;3.866666667;0.197995;0.197995;0
117;3.9;0.204089;0.204089;0
118;3.933333333;0.213829;0.213829;0
119;3.966666667;0.207683;0.207683;0
120;4;0.193125;0.193125;0
121;4.033333333;0.191276;0.191276;0
122;4.066666667;0.205521;0.205521;0
123;4.1;0.210911;0.210911;0
124;4.133333333;0.197552;0.197552;0
125;4.166666667;0.199505;0.199505;0
126;4.2;0.187344;0.187344;0
127;4.233333333;0.189427;0.189427;0
128;4.266666667;0.198724;0.198724;0
129;4.3;0.19526;0.19526;0
130;4.333333333;0.189505;0.189505;0
131;4.366666667;0.187344;0.187344;0
132;4.4;0.204297;0.204297;0
133;4.433333333;0.20414;0.20414;0
134;4.466666667;0.202109;0.202109;0
135;4.5;0.214218;0.214218;0
136;4.533333333;0.195078;0.195078;0
137;4.566666667;0.182005;0.182005;0
138;4.6;0.209193;0.209193;0
139;4.633333333;0.199193;0.199193;0
140;4.666666667;0.205052;0.205052;0
141;4.7;0.195885;0.195885;0
142;4.733333333;0.224427;0.224427;0
143;4.766666667;0.215052;0.215052;0
144;4.8;0.193411;0.193411;0
145;4.833333333;0.206068;0.206068;0
146;4.866666667;0.211458;0.211458;0
147;4.9;0.192995;0.192995;0
148;4.933333333;0.232916;0.232916;0
149;4.966666667;0.229062;0.229062;0
150;5;0.227812;0.227812;0
151;5.033333333;0.233021;0.233021;0
152;5.066666667;0.214349;0.214349;0
153;5.1;0.220104;0.220104;0
154;5.133333333;0.229948;0.229948;0
155;5.166666667;0.227058;0.227058;0
156;5.2;0.22948;0.22948;0
157;5.233333333;0.205911;0.205911;0
158;5.266666667;0.226276;0.226276;0
159;5.3;0.218152;0.218152;0
160;5.333333333;0.207943;0.207943;0
161;5.366666667;0.207501;0.207501;0
162;5.4;0.217604;0.217604;0
163;5.433333333;0.223361;0.223361;0
164;5.466666667;0.23185;0.23185;0
165;5.5;0.207526;0.207526;0
166;5.533333333;0.211563;0.211563;0
167;5.566666667;0.231693;0.231693;0
168;5.6;0.205808;0.205808;0
169;5.633333333;0.218855;0.218855;0
170;5.666666667;0.237085;0.237085;0
171;5.7;0.23594;0.23594;0
172;5.733333333;0.223882;0.223882;0
173;5.766666667;0.226564;0.226564;0
174;5.8;0.200548;0.200548;0
175;5.833333333;0.214662;0.214662;0
176;5.866666667;0.213074;0.213074;0
177;5.9;0.205548;0.205548;0
178;5.933333333;0.208777;0.208777;0
179;5.966666667;0.206668;0.206668;0
180;6;0.21008;0.21008;0
181;6.033333333;0.196616;0.196616;0
182;6.066666667;0.201824;0.201824;0
183;6.1;0.188152;0.188152;0
184;6.133333333;0.184168;0.184168;0
185;6.166666667;0.186381;0.186381;0
186;6.2;0.204376;0.204376;0
187;6.233333333;0.219194;0.219194;0
188;6.266666667;0.196954;0.196954;0
189;6.3;0.198726;0.198726;0
190;6.333333333;0.193283;0.193283;0
191;6.366666667;0.19422;0.19422;0
192;6.4;0.191668;0.191668;0
193;6.433333333;0.190392;0.190392;0
194;6.466666667;0.201668;0.201668;0
195;6.5;0.198152;0.198152;0
196;6.533333333;0.191563;0.191563;0
197;6.566666667;0.191147;0.191147;0
198;6.6;0.207788;0.207788;0
199;6.633333333;0.188985;0.188985;0
200;6.666666667;2.82713;2.82713;0
201;6.7;0;0;0
202;6.733333333;0.164583;0.164583;0
203;6.766666667;0.171224;0.171224;0
204;6.8;0.154219;0.154219;0
205;6.833333333;0.145287;0.145287;0
206;6.866666667;0.151355;0.151355;0
207;6.9;0.167552;0.167552;0
208;6.933333333;0.164219;0.164219;0
209;6.966666667;0.148932;0.148932;0
210;7;0.168646;0.168646;0
211;7.033333333;0.174636;0.174636;0
212;7.066666667;0.167058;0.167058;0
213;7.1;0.151641;0.151641;0
214;7.133333333;0.177735;0.177735;0
215;7.166666667;0.161224;0.161224;0
216;7.2;0.144167;0.144167;0
217;7.233333333;0.150573;0.150573;0
218;7.266666667;0.164532;0.164532;0
219;7.3;0.152969;0.152969;0
220;7.333333333;0.147839;0.147839;0
221;7.366666667;0.167188;0.167188;0
222;7.4;0.169766;0.169766;0
223;7.433333333;0.168073;0.168073;0
224;7.466666667;0.134531;0.134531;0
225;7.5;0.132266;0.132266;0
226;7.533333333;0.139948;0.139948;0
227;7.566666667;0.181302;0.181302;0
228;7.6;0.152474;0.152474;0
229;7.633333333;0.153933;0.153933;0
230;7.666666667;0.160131;0.160131;0
231;7.7;0.179037;0.179037;0
232;7.733333333;0.185105;0.185105;0
233;7.766666667;0.182683;0.182683;0
234;7.8;0.182969;0.182969;0
235;7.833333333;0.149479;0.149479;0
236;7.866666667;0.1575;0.1575;0
237;7.9;0.161433;0.161433;0
238;7.933333333;0.192735;0.192735;0
239;7.966666667;0.170157;0.170157;0
240;8;0.167214;0.167214;0
241;8.033333333;0.165521;0.165521;0
242;8.066666667;0.165;0.165;0
243;8.1;0.164844;0.164844;0
244;8.133333333;0.171615;0.171615;0
245;8.166666667;0.17974;0.17974;0
246;8.2;0.182058;0.182058;0
247;8.233333333;0.17935;0.17935;0
248;8.266666667;0.182813;0.182813;0
249;8.3;0.178646;0.178646;0
250;8.333333333;0.179219;0.179219;0
251;8.366666667;0.181849;0.181849;0
252;8.4;0.178438;0.178438;0
253;8.433333333;0.176459;0.176459;0
254;8.466666667;0.174063;0.174063;0
255;8.5;0.163828;0.163828;0
256;8.533333333;0.171016;0.171016;0
257;8.566666667;0.164896;0.164896;0
258;8.6;0.162396;0.162396;0
259;8.633333333;0.158386;0.158386;0
260;8.666666667;0.152058;0.152058;0
261;8.7;0.152214;0.152214;0
262;8.733333333;0.18849;0.18849;0
263;8.766666667;0.189558;0.189558;0
264;8.8;0.162057;0.162057;0
265;8.833333333;0.168516;0.168516;0
266;8.866666667;0.172735;0.172735;0
267;8.9;0.165391;0.165391;0
268;8.933333333;0.174532;0.174532;0
269;8.966666667;0.186693;0.186693;0
270;9;0.198074;0.198074;0
271;9.033333333;0.190469;0.190469;0
272;9.066666667;0.151693;0.151693;0
273;9.1;0.151094;0.151094;0
274;9.133333333;0.15013;0.15013;0
275;9.166666667;0.153985;0.153985;0
276;9.2;0.144245;0.144245;0
277;9.233333333;0.142214;0.142214;0
278;9.266666667;0.143359;0.143359;0
279;9.3;0.139167;0.139167;0
280;9.333333333;0.140808;0.140808;0
281;9.366666667;0.162917;0.162917;0
282;9.4;0.173517;0.173517;0
283;9.433333333;0.171511;0.171511;0
284;9.466666667;0.163125;0.163125;0
285;9.5;0.184037;0.184037;0
286;9.533333333;0.180183;0.180183;0
287;9.566666667;0.170235;0.170235;0
288;9.6;0.174949;0.174949;0
289;9.633333333;0.145599;0.145599;0
290;9.666666667;0.146354;0.146354;0
291;9.7;0.249585;0.249585;0
292;9.733333333;0.179506;0.179506;0
293;9.766666667;0.172006;0.172006;0
294;9.8;0.174688;0.174688;0
295;9.833333333;0.188933;0.188933;0
296;9.866666667;0.153203;0.153203;0
297;9.9;0.188308;0.188308;0
298;9.933333333;0.185261;0.185261;0
299;9.966666667;0.19099;0.19099;0
300;10;0.183308;0.183308;0
301;10.03333333;0.159349;0.159349;0
302;10.06666667;0.168698;0.168698;0
303;10.1;0.15211;0.15211;0
304;10.13333333;0.208673;0.208673;0
305;10.16666667;0.204376;0.204376;0
306;10.2;0.173568;0.173568;0
307;10.23333333;0.175209;0.175209;0
308;10.26666667;0.188646;0.188646;0
309;10.3;0.167943;0.167943;0
310;10.33333333;0.192683;0.192683;0
311;10.36666667;0.166094;0.166094;0
312;10.4;0.18948;0.18948;0
313;10.43333333;0.187657;0.187657;0
314;10.46666667;0.161979;0.161979;0
315;10.5;0.151641;0.151641;0
316;10.53333333;0.155495;0.155495;0
317;10.56666667;0.144401;0.144401;0
318;10.6;0.208282;0.208282;0
319;10.63333333;0.212944;0.212944;0
320;10.66666667;0.172631;0.172631;0
321;10.7;0.182475;0.182475;0
322;10.73333333;0.163542;0.163542;0
323;10.76666667;0.153672;0.153672;0
324;10.8;0.208933;0.208933;0
325;10.83333333;0.193022;0.193022;0
326;10.86666667;0.161276;0.161276;0
327;10.9;0.163933;0.163933;0
328;10.93333333;0.160313;0.160313;0
329;10.96666667;0.165209;0.165209;0
330;11;0.155157;0.155157;0
331;11.03333333;0.208048;0.208048;0
332;11.06666667;0.177005;0.177005;0
333;11.1;0.185574;0.185574;0
334;11.13333333;0.15487;0.15487;0
335;11.16666667;0.159506;0.159506;0
336;11.2;0.175001;0.175001;0
337;11.23333333;0.182865;0.182865;0
338;11.26666667;0.177084;0.177084;0
339;11.3;0.263283;0.263283;0
340;11.33333333;0.251121;0.251121;0
341;11.36666667;0.253073;0.504194;-0.251121
342;11.4;0.243699;0.747893;-0.504194
343;11.43333333;0.237969;0.985862;-0.747893
344;11.46666667;0.237136;1.223;-0.985864
345;11.5;0.246276;1.46927;-1.222994
346;11.53333333;0.225729;1.695;-1.469271
347;11.56666667;0.229688;1.92469;-1.695002
348;11.6;0.223698;2.14839;-1.924692
349;11.63333333;0.228099;2.37649;-2.148391
350;11.66666667;0.217344;2.59383;-2.376486
351;11.7;0.221354;2.81518;-2.593826
352;11.73333333;0.20487;3.02005;-2.81518
353;11.76666667;0.221719;3.24177;-3.020051
354;11.8;0.212213;3.45399;-3.241777
355;11.83333333;0.20862;3.66261;-3.45399
356;11.86666667;0.207604;3.87021;-3.662606
357;11.9;0.211589;4.0818;-3.870211
358;11.93333333;0.22125;4.30305;-4.0818
359;11.96666667;0.208203;4.51125;-4.303047
360;12;0.199557;4.71081;-4.511253
361;12.03333333;0.215963;4.92677;-4.710807
362;12.06666667;0.223333;5.15011;-4.926777
363;12.1;0.208958;5.35906;-5.150102
364;12.13333333;0.20901;5.56807;-5.35906
365;12.16666667;0.201432;5.76951;-5.568078
366;12.2;0.208437;5.97794;-5.769503
367;12.23333333;0.205885;6.18383;-5.977945
368;12.26666667;0.219635;6.40346;-6.183825
369;12.3;0.221901;6.62537;-6.403469
370;12.33333333;0.215599;6.84096;-6.625361
371;12.36666667;0.202344;7.04331;-6.840966
372;12.4;0.205;7.24831;-7.04331
373;12.43333333;0.208984;7.45729;-7.248306
374;12.46666667;0.205286;7.66258;-7.457294
375;12.5;0.197396;7.85997;-7.662574
376;12.53333333;0.211693;8.07167;-7.859977
377;12.56666667;0.210417;8.28208;-8.071663
378;12.6;0.216614;8.4987;-8.282086
379;12.63333333;0.20625;8.70495;-8.4987
380;12.66666667;0.212786;8.91773;-8.704944
381;12.7;0.204635;9.12237;-8.917735
382;12.73333333;0.207656;9.33003;-9.122374
383;12.76666667;0.21526;9.54529;-9.33003
384;12.8;0.209141;9.75443;-9.545289
385;12.83333333;0.219167;9.97359;-9.754423
386;12.86666667;0.203073;10.1767;-9.973627
387;12.9;0.206484;10.3832;-10.176716
388;12.93333333;0.21763;10.6008;-10.38317
389;12.96666667;0.22276;10.8235;-10.60074
390;13;0.219167;11.0427;-10.823533
391;13.03333333;0.222161;11.2649;-11.042739
392;13.06666667;0.216146;11.481;-11.264854
393;13.1;0.217578;11.6986;-11.481022
394;13.13333333;0.221927;11.9205;-11.698573
395;13.16666667;0.223776;12.1443;-11.920524
396;13.2;0.222604;12.3669;-12.144296
397;13.23333333;0.230651;12.5975;-12.366849
398;13.26666667;0.211094;12.8086;-12.597506
399;13.3;0.206693;13.0153;-12.808607
400;13.33333333;0.203489;13.2188;-13.015311
401;13.36666667;0.194583;13.4134;-13.218817
402;13.4;0.170547;0;0.170547
403;13.43333333;0.177083;0.177083;0
404;13.46666667;0.194193;0.194193;0
405;13.5;0.20513;0.20513;0
406;13.53333333;0.200052;0.200052;0
407;13.56666667;0.200208;0.200208;0
408;13.6;0.189114;0.189114;0
409;13.63333333;0.178385;0.178385;0
410;13.66666667;0.170443;0.170443;0
411;13.7;0.178463;0.178463;0
412;13.73333333;0.16638;0.16638;0
413;13.76666667;0.17987;0.17987;0
414;13.8;0.187786;0.187786;0
415;13.83333333;0.201745;0.201745;0
416;13.86666667;0.196276;0.196276;0
417;13.9;0.203307;0.203307;0
418;13.93333333;0.191432;0.191432;0
419;13.96666667;0.204922;0.204922;0
420;14;0.18914;0.18914;0
421;14.03333333;0.246406;0.246406;0
422;14.06666667;0.195078;0.195078;0
423;14.1;0.192995;0.192995;0
424;14.13333333;0.200677;0.200677;0
425;14.16666667;0.204375;0.204375;0
426;14.2;0.209453;0.209453;0
427;14.23333333;0.176432;0.176432;0
428;14.26666667;0.19388;0.19388;0
429;14.3;0.193724;0.193724;0
430;14.33333333;0.202083;0.202083;0
431;14.36666667;0.190729;0.190729;0
432;14.4;0.191927;0.191927;0
433;14.43333333;0.187005;0.187005;0
434;14.46666667;0.189791;0.189791;0
435;14.5;0.208958;0.208958;0
436;14.53333333;0.191797;0.191797;0
437;14.56666667;0.198151;0.198151;0
438;14.6;0.190651;0.190651;0
439;14.63333333;0.184948;0.184948;0
440;14.66666667;0.195989;0.195989;0
441;14.7;0.199817;0.199817;0
442;14.73333333;0.197786;0.197786;0
443;14.76666667;0.212917;0.212917;0
444;14.8;0.204375;0.204375;0
445;14.83333333;0.208203;0.208203;0
446;14.86666667;0.193516;0.193516;0
447;14.9;0.191458;0.191458;0
448;14.93333333;0.192656;0.192656;0
449;14.96666667;0.195078;0.195078;0
450;15;0.183359;0.183359;0
451;15.03333333;0.193047;0.193047;0
452;15.06666667;0.185052;0.185052;0
453;15.1;0.222292;0.222292;0
454;15.13333333;0.202396;0.202396;0
455;15.16666667;0.209792;0.209792;0
456;15.2;0.188594;0.188594;0
457;15.23333333;0.187396;0.187396;0
458;15.26666667;0.191536;0.191536;0
459;15.3;0.194766;0.194766;0
460;15.33333333;0.190599;0.190599;0
461;15.36666667;0.192578;0.192578;0
462;15.4;0.198594;0.198594;0
463;15.43333333;0.192812;0.192812;0
464;15.46666667;0.177786;0.177786;0
465;15.5;0.18862;0.18862;0
466;15.53333333;0.190182;0.190182;0
467;15.56666667;0.183125;0.183125;0
468;15.6;0.187578;0.187578;0
469;15.63333333;0.184687;0.184687;0
470;15.66666667;0.170807;0.170807;0
471;15.7;0.17901;0.17901;0
472;15.73333333;0.197995;0.197995;0
473;15.76666667;0.210208;0.210208;0
474;15.8;0.202292;0.202292;0
475;15.83333333;0.20875;0.20875;0
476;15.86666667;0.212916;0.212916;0
477;15.9;0.200364;0.200364;0
478;15.93333333;0.201432;0.201432;0
479;15.96666667;0.189479;0.189479;0
480;16;0.1975;0.1975;0
481;16.03333333;0.19237;0.19237;0
482;16.06666667;0.199401;0.199401;0
483;16.1;0.19513;0.19513;0
484;16.13333333;0.181536;0.181536;0
485;16.16666667;0.185443;0.185443;0
486;16.2;0.181562;0.181562;0
487;16.23333333;0.176328;0.176328;0
488;16.26666667;0.193021;0.193021;0
489;16.3;0.1975;0.1975;0
490;16.33333333;0.180885;0.180885;0
491;16.36666667;0.183151;0.183151;0
492;16.4;0.193281;0.193281;0
493;16.43333333;0.175729;0.175729;0
494;16.46666667;0.172422;0.172422;0
495;16.5;0.199401;0.199401;0
496;16.53333333;0.18362;0.18362;0
497;16.56666667;0.167317;0.167317;0
498;16.6;0.177214;0.177214;0
499;16.63333333;0.191354;0.191354;0
500;16.66666667;0.183047;0.183047;0
501;16.7;0.17612;0.17612;0
502;16.73333333;0.186172;0.186172;0
503;16.76666667;0.196693;0.196693;0
504;16.8;0.190104;0.190104;0
505;16.83333333;0.199844;0.199844;0
506;16.86666667;0.202031;0.202031;0
507;16.9;0.183021;0.183021;0
508;16.93333333;0.199219;0.199219;0
509;16.96666667;0.197995;0.197995;0
510;17;0.204297;0.204297;0
511;17.03333333;0.248073;0.248073;0
512;17.06666667;0.195364;0.195364;0
513;17.1;0.185833;0.185833;0
514;17.13333333;0.194922;0.194922;0
515;17.16666667;0.199713;0.199713;0
516;17.2;0.167943;0.167943;0
517;17.23333333;0.184714;0.184714;0
518;17.26666667;0.184323;0.184323;0
519;17.3;0.174453;0.174453;0
520;17.33333333;0.203437;0.203437;0
521;17.36666667;0.195573;0.195573;0
522;17.4;0.198932;0.198932;0
523;17.43333333;0.183385;0.183385;0
524;17.46666667;0.207344;0.207344;0
525;17.5;0.205677;0.205677;0
526;17.53333333;0.213932;0.213932;0
527;17.56666667;0.205833;0.205833;0
528;17.6;0.210703;0.210703;0
529;17.63333333;0.201354;0.201354;0
530;17.66666667;0.196927;0.196927;0
531;17.7;0.201745;0.201745;0
532;17.73333333;0.202578;0.202578;0
533;17.76666667;0.204401;0.204401;0
534;17.8;0.205182;0.205182;0
535;17.83333333;0.201797;0.201797;0
536;17.86666667;0.231927;0.231927;0
537;17.9;0.228515;0.228515;0
538;17.93333333;0.227474;0.227474;0
539;17.96666667;3.02284;3.02284;0
540;18;0.210183;0.210183;0
541;18.03333333;0.226068;0.226068;0
542;18.06666667;0.236511;0.236511;0
543;18.1;0.224401;0.224401;0
544;18.13333333;0.21724;0.21724;0
545;18.16666667;0.198672;0.198672;0
546;18.2;0.205469;0.205469;0
547;18.23333333;0.214844;0.214844;0
548;18.26666667;0.210261;0.210261;0
549;18.3;0.221537;0.221537;0
550;18.33333333;0.208646;0.208646;0
551;18.36666667;0.204583;0.204583;0
552;18.4;0.211302;0.211302;0
553;18.43333333;0.211641;0.211641;0
554;18.46666667;0.222057;0.222057;0
555;18.5;0.214532;0.214532;0
556;18.53333333;0.200652;0.200652;0
557;18.56666667;0.214115;0.214115;0
558;18.6;0.208048;0.208048;0
559;18.63333333;0.217788;0.217788;0
560;18.66666667;0.22146;0.22146;0
561;18.7;0.215288;0.215288;0
562;18.73333333;0.20836;0.20836;0
563;18.76666667;0.219871;0.219871;0
564;18.8;0.202813;0.202813;0
565;18.83333333;0.21474;0.21474;0
566;18.86666667;0.201433;0.201433;0
567;18.9;0.208985;0.208985;0
568;18.93333333;0.211876;0.211876;0
569;18.96666667;0.2031;0.2031;0
570;19;0.210131;0.210131;0
571;19.03333333;0.206094;0.206094;0
572;19.06666667;0.203751;0.203751;0
573;19.1;0.196745;0.196745;0
574;19.13333333;0.2056;0.2056;0
575;19.16666667;0.20784;0.20784;0
576;19.2;0.222917;0.222917;0
577;19.23333333;0.207709;0.207709;0
578;19.26666667;0.206615;0.206615;0
579;19.3;0.212345;0.212345;0
580;19.33333333;0.224063;0.224063;0
581;19.36666667;0.223308;0.223308;0
582;19.4;0.201901;0.201901;0
583;19.43333333;0.227319;0.227319;0
584;19.46666667;0.227162;0.227162;0
585;19.5;0.225938;0.225938;0
586;19.53333333;0.209063;0.209063;0
587;19.56666667;0.203777;0.203777;0
588;19.6;0.220443;0.220443;0
589;19.63333333;0.222891;0.222891;0
590;19.66666667;0.206407;0.206407;0
591;19.7;0.216381;0.216381;0
592;19.73333333;0.201876;0.201876;0
593;19.76666667;0.207969;0.207969;0
594;19.8;0.219974;0.219974;0
595;19.83333333;0.215521;0.215521;0
596;19.86666667;0.219661;0.219661;0
597;19.9;0.211589;0.211589;0
598;19.93333333;0.219245;0.219245;0
599;19.96666667;0.231277;0.231277;0
600;20;0.219662;0.219662;0
601;20.03333333;0.204766;0.204766;0
602;20.06666667;0.204923;0.204923;0
603;20.1;0.211407;0.211407;0
604;20.13333333;0.210313;0.210313;0
605;20.16666667;0.206771;0.206771;0
606;20.2;0.216432;0.216432;0
607;20.23333333;0.20125;0.20125;0
608;20.26666667;0.195703;0.195703;0
609;20.3;0.21422;0.21422;0
610;20.33333333;0.210808;0.210808;0
611;20.36666667;0.214766;0.214766;0
612;20.4;0.21297;0.21297;0
613;20.43333333;0.221407;0.221407;0
614;20.46666667;0.242761;0.242761;0
615;20.5;0.213411;0.213411;0
616;20.53333333;0.216303;0.216303;0
617;20.56666667;0.213177;0.213177;0
618;20.6;0.214349;0.214349;0
619;20.63333333;0.218881;0.218881;0
620;20.66666667;0.211746;0.211746;0
621;20.7;0.234298;0.234298;0
622;20.73333333;0.225808;0.225808;0
623;20.76666667;0.221588;0.221588;0
624;20.8;0.226302;0.226302;0
625;20.83333333;0.206824;0.206824;0
626;20.86666667;0.224924;0.224924;0
627;20.9;0.216225;0.216225;0
628;20.93333333;0.204532;0.204532;0
629;20.96666667;0.203985;0.203985;0
630;21;0.225887;0.225887;0
631;21.03333333;0.207944;0.207944;0
632;21.06666667;0.197969;0.197969;0
633;21.1;0.204974;0.204974;0
634;21.13333333;0.212162;0.212162;0
635;21.16666667;0.209324;0.209324;0
636;21.2;0.203021;0.203021;0
637;21.23333333;0.210887;0.210887;0
638;21.26666667;0.210052;0.210052;0
639;21.3;0.219531;0.219531;0
640;21.33333333;0.22237;0.22237;0
641;21.36666667;0.211849;0.211849;0
642;21.4;0.207943;0.207943;0
643;21.43333333;0.209323;0.209323;0
644;21.46666667;0.206146;0.206146;0
645;21.5;0.202527;0.202527;0
646;21.53333333;0.229636;0.229636;0
647;21.56666667;0.22711;0.22711;0
648;21.6;0.211953;0.211953;0
649;21.63333333;0.21073;0.21073;0
650;21.66666667;0.21047;0.21047;0
651;21.7;0.202787;0.202787;0
652;21.73333333;0.229038;0.229038;0
653;21.76666667;0.234194;0.234194;0
654;21.8;0.214245;0.214245;0
655;21.83333333;0.21185;0.21185;0
656;21.86666667;0.219479;0.219479;0
657;21.9;0.202553;0.202553;0
658;21.93333333;0.211095;0.211095;0
659;21.96666667;0.204402;0.204402;0
660;22;0.214167;0.214167;0
661;22.03333333;0.206876;0.206876;0
662;22.06666667;0.207005;0.207005;0
663;22.1;0.209453;0.209453;0
664;22.13333333;0.207136;0.207136;0
665;22.16666667;0.210027;0.210027;0
666;22.2;0.21375;0.21375;0
667;22.23333333;0.196329;0.196329;0
668;22.26666667;0.196927;0.196927;0
669;22.3;0.187891;0.187891;0
670;22.33333333;0.19448;0.19448;0
671;22.36666667;0.209818;0.209818;0
672;22.4;0.206459;0.206459;0
673;22.43333333;0.209089;0.209089;0
674;22.46666667;0.214323;0.214323;0
675;22.5;0.213152;0.213152;0
676;22.53333333;0.2256;0.2256;0
677;22.56666667;0.225261;0.225261;0
678;22.6;0.328021;0.328021;0
679;22.63333333;0.30659;0.30659;0
680;22.66666667;0.295886;0.602476;-0.30659
681;22.7;0.295807;0.898283;-0.602476
682;22.73333333;0.321588;1.21987;-0.898282
683;22.76666667;0.305364;1.52524;-1.219876
684;22.8;0.373903;1.89914;-1.525237
685;22.83333333;0.503439;2.40258;-1.899141
686;22.86666667;0.519715;2.92229;-2.402575
687;22.9;0.498594;3.42089;-2.922296
688;22.93333333;0.472057;3.89294;-3.420883
689;22.96666667;0.476068;4.36901;-3.892942
690;23;0.465911;4.83492;-4.369009
691;23.03333333;0.468672;5.30359;-4.834918
692;23.06666667;0.482083;5.78568;-5.303597
693;23.1;0.431979;6.21766;-5.785681
694;23.13333333;0.443437;6.66109;-6.217653
695;23.16666667;0.426224;7.08732;-6.661096
696;23.2;0.417864;7.50518;-7.087316
697;23.23333333;0.401302;7.90648;-7.505178
698;23.26666667;0.38026;8.28674;-7.90648
699;23.3;0.395495;8.68224;-8.286745
700;23.33333333;0.383645;9.06588;-8.682235
701;23.36666667;0.365521;9.4314;-9.065879
702;23.4;0.376875;9.80828;-9.431405
703;23.43333333;0.37138;10.1797;-9.80832
704;23.46666667;0.349532;10.5292;-10.179668
705;23.5;0.351147;10.8803;-10.529153
706;23.53333333;0.328517;11.2089;-10.880383
707;23.56666667;0.315887;11.5247;-11.208813
708;23.6;0.3262;11.8509;-11.5247
709;23.63333333;0.328883;12.1798;-11.850917
710;23.66666667;0.321436;12.5013;-12.179864
711;23.7;0.326019;12.8273;-12.501281
712;23.73333333;0.324663;13.1519;-12.827237
713;23.76666667;0.317658;13.4696;-13.151942
714;23.8;0.298855;13.7685;-13.469645
715;23.83333333;0.288386;14.0568;-13.768414
716;23.86666667;0.311407;14.3682;-14.056793
717;23.9;0.319792;14.688;-14.368208
718;23.93333333;0.303178;14.9912;-14.688022
719;23.96666667;0.321068;15.3123;-14.991232
720;24;0.348308;15.6606;-15.312292
721;24.03333333;0.342865;16.0035;-15.660635
722;24.06666667;0.344557;16.348;-16.003443
723;24.1;0.312578;16.6606;-16.348022
724;24.13333333;0.306094;16.9667;-16.660606
725;24.16666667;0.320677;17.2874;-16.966723
726;24.2;0.306042;17.5934;-17.287358
727;24.23333333;0.330625;17.924;-17.593375
728;24.26666667;0.328568;18.2526;-17.924032
729;24.3;0.344323;18.5969;-18.252577
730;24.33333333;0.326198;18.9231;-18.596902
731;24.36666667;0.345391;19.2685;-18.923109
732;24.4;0.332969;19.6015;-19.268531
733;24.43333333;0.336875;19.9384;-19.601525
734;24.46666667;0.340651;20.279;-19.938349
735;24.5;0.346928;20.6259;-20.278972
736;24.53333333;0.344713;20.9706;-20.625887
737;24.56666667;0.343383;21.314;-20.970617
738;24.6;0.335625;21.6497;-21.314075
739;24.63333333;0.343802;21.9935;-21.649698
740;24.66666667;0.216849;22.2103;-21.993451
741;24.7;0.218281;22.4286;-22.210319
742;24.73333333;0.206276;22.6349;-22.428624
743;24.76666667;0.21237;22.8472;-22.63483
744;24.8;0.211484;23.0587;-22.847216
745;24.83333333;0.207057;23.2658;-23.058743
746;24.86666667;0.226692;23.4925;-23.265808
747;24.9;0.236094;23.7286;-23.492506
748;24.93333333;0.21276;23.9413;-23.72854
749;24.96666667;0.214713;24.156;-23.941287
750;25;0.22414;24.3802;-24.15606
751;25.03333333;0.240052;24.6202;-24.380148
752;25.06666667;0.242865;24.8631;-24.620235
753;25.1;0.229531;25.0926;-24.863069
754;25.13333333;0.220104;25.3127;-25.092596
755;25.16666667;0.236484;25.5492;-25.312716
756;25.2;0.242135;25.7913;-25.549165
757;25.23333333;0.225339;26.0167;-25.791361
758;25.26666667;0.263022;26.2797;-26.016678
759;25.3;0.22789;26.5076;-26.27971
760;25.33333333;0.241772;26.7494;-26.507628
761;25.36666667;0.248776;26.9981;-26.749324
762;25.4;0.357136;27.3553;-26.998164
763;25.43333333;0.336458;27.6917;-27.355242
764;25.46666667;0.331043;28.0228;-27.691757
765;25.5;0.35625;28.379;-28.02275
766;25.53333333;0.295417;28.6744;-28.378983
767;25.56666667;0.309896;28.9843;-28.674404
768;25.6;0.256276;29.2406;-28.984324
769;25.63333333;0.289141;29.5298;-29.240659
770;25.66666667;0.276121;29.8059;-29.529779
771;25.7;0.266043;30.0719;-29.805857
772;25.73333333;0.246512;30.3184;-30.071888
773;25.76666667;0.224584;30.543;-30.318416
774;25.8;0.258777;30.8018;-30.543023
775;25.83333333;0.235053;31.0369;-30.801847
776;25.86666667;0.242032;31.2789;-31.036868
777;25.9;0.23448;31.5134;-31.27892
778;25.93333333;0.244637;31.758;-31.513363
779;25.96666667;0.249116;32.0071;-31.757984
780;26;0.242268;32.2494;-32.007132
781;26.03333333;0.212736;32.4621;-32.249364
782;26.06666667;0.212606;32.6747;-32.462094
783;26.1;0.186304;0;0.186304
784;26.13333333;0.204559;0.204559;0
785;26.16666667;0.199456;0.199456;0
786;26.2;0.193257;0.193257;0
787;26.23333333;0.199925;0.199925;0
788;26.26666667;0.200081;0.200081;0
789;26.3;0.246252;0.246252;0
790;26.33333333;0.338624;0.338624;0
791;26.36666667;0.306669;0.306669;0
792;26.4;0.336774;0.643443;-0.306669
793;26.43333333;0.296929;0.940372;-0.643443
794;26.46666667;0.249767;1.19014;-0.940373
795;26.5;0.224168;1.41431;-1.190142
796;26.53333333;0.226381;1.64069;-1.414309
797;26.56666667;0.217553;1.85824;-1.640687
798;26.6;0.207918;2.06616;-1.858242
799;26.63333333;0.213881;2.28004;-2.066159
800;26.66666667;0.216876;2.49692;-2.280044
801;26.7;0.216563;2.71348;-2.496917
802;26.73333333;0.22185;2.93533;-2.71348
803;26.76666667;0.209194;3.14452;-2.935326
804;26.8;0.194949;3.33947;-3.144521
805;26.83333333;0.197813;3.53728;-3.339467
806;26.86666667;0.198412;3.7357;-3.537288
807;26.9;0.197579;3.93327;-3.735691
808;26.93333333;0.195235;4.12851;-3.933275
809;26.96666667;0.192084;4.32059;-4.128506
810;27;0.191198;4.51179;-4.320592
811;27.03333333;0.201901;4.71369;-4.511789
812;27.06666667;0.202761;4.91645;-4.713689
813;27.1;0.20638;5.12283;-4.91645
814;27.13333333;0.197839;5.32067;-5.122831
815;27.16666667;0.199662;5.52033;-5.320668
816;27.2;0.194714;5.71505;-5.520336
817;27.23333333;0.193281;5.90833;-5.715049
818;27.26666667;0.199375;6.1077;-5.908325
819;27.3;0.193594;6.3013;-6.107706
820;27.33333333;0.201641;6.50294;-6.301299
821;27.36666667;0.197917;6.70086;-6.502943
822;27.4;0.185495;0;0.185495
823;27.43333333;0.192708;0.192708;0
824;27.46666667;0.202891;0.202891;0
825;27.5;0.182058;0.182058;0
826;27.53333333;0.198255;0.198255;0
827;27.56666667;0.208412;0.208412;0
828;27.6;0.198906;0.198906;0
829;27.63333333;0.201823;0.201823;0
830;27.66666667;0.188281;0.188281;0
831;27.7;0.21013;0.21013;0
832;27.73333333;0.204713;0.204713;0
833;27.76666667;0.215182;0.215182;0
834;27.8;0.202448;0.202448;0
835;27.83333333;0.191093;0.191093;0
836;27.86666667;0.192708;0.192708;0
837;27.9;0.204531;0.204531;0
838;27.93333333;0.205521;0.205521;0
839;27.96666667;0.211172;0.211172;0
840;28;0.205286;0.205286;0
841;28.03333333;0.181458;0.181458;0
842;28.06666667;0.20013;0.20013;0
843;28.1;0.198151;0.198151;0
844;28.13333333;0.19487;0.19487;0
845;28.16666667;0.201927;0.201927;0
846;28.2;0.201328;0.201328;0
847;28.23333333;0.193541;0.193541;0
848;28.26666667;0.191953;0.191953;0
849;28.3;0.199661;0.199661;0
850;28.33333333;0.210234;0.210234;0
851;28.36666667;0.201093;0.201093;0
852;28.4;0.201041;0.201041;0
853;28.43333333;0.203385;0.203385;0
854;28.46666667;0.217708;0.217708;0
855;28.5;0.218489;0.218489;0
856;28.53333333;0.197838;0.197838;0
857;28.56666667;0.205234;0.205234;0
858;28.6;0.199557;0.199557;0
859;28.63333333;0.196614;0.196614;0
860;28.66666667;0.21151;0.21151;0
861;28.7;0.224792;0.224792;0
862;28.73333333;0.207109;0.207109;0
863;28.76666667;0.221068;0.221068;0
864;28.8;0.216406;0.216406;0
865;28.83333333;0.200886;0.200886;0
866;28.86666667;0.20625;0.20625;0
867;28.9;0.220573;0.220573;0
868;28.93333333;0.200027;0.200027;0
869;28.96666667;0.207423;0.207423;0
870;29;0.212188;0.212188;0
871;29.03333333;0.211511;0.211511;0
872;29.06666667;0.198464;0.198464;0
873;29.1;0.190964;0.190964;0
874;29.13333333;0.208334;0.208334;0
875;29.16666667;0.203933;0.203933;0
876;29.2;0.20737;0.20737;0
877;29.23333333;0.221693;0.221693;0
;0;;;
;0;;;
;0;;;